id,fname,lname,dob,gender,phone,email,addr,created_at,updated_at
1,Louetta,Laven,1994-10-27,F,771324380,Louetta@outlook.org,Peru,,
2,Valarie,Saxton,2019-07-21,F,654868920,Valarie@outlook.org,Belize,,
3,Madlyn,Sweeny,2002-07-09,M,962108297,Sweeny@outlook.org,Cook Islands,,
4,Lien,Mccants,1993-10-18,F,880251011,Mccants@outlook.org,Bermuda,,
5,Luciana,Stelly,2010-10-27,F,438918728,Stelly@yahoo.org,Turkey,,
6,Rufina,Saffold,2012-01-06,M,791446632,Saffold@outlook.org,Zimbabwe,,
7,Stephen,Dahlstrom,1981-01-21,M,532249583,Dahlstrom@yahoo.org,Belarus,,
8,Barney,Steil,2001-09-11,F,924307832,Steil@gmail.org,Zimbabwe,,
9,Collin,Gamache,1996-04-21,M,587201013,Collin@gmail.org,Panama,,
10,Willodean,Arpin,2004-05-15,F,592073415,Arpin@yahoo.org,Colombia,,
11,Fabiola,Neff,1990-04-01,M,691043057,Neff@outlook.org,Faroe Islands,,
12,Ronna,Ontiveros,1991-08-13,M,412643964,Ontiveros@gmail.org,Turkey,,
13,Mariko,Vawter,1984-09-23,F,881662414,Mariko@yahoo.org,Vanuatu,,
14,Milagros,Cinnamon,1995-04-01,M,648146935,Cinnamon@yahoo.org,Grenada,,
15,Lino,Morehouse,2017-11-14,F,290465418,Lino@outlook.com,Hong Kong SAR China,,
16,Kittie,Callihan,1982-01-30,F,587130682,Kittie@outlook.com,British Virgin Islands,,
17,Yolande,Pollard,1993-10-04,F,663938792,Pollard@yahoo.org,Jersey,,
18,Marquita,Brochu,1986-02-26,M,746094639,Marquita@outlook.org,Botswana,,
19,Marisela,Devane,2003-05-14,F,150295213,Devane@yahoo.org,Poland,,
20,Kazuko,Tinkham,2001-09-19,F,494945425,Kazuko@yahoo.org,Uganda,,
21,Adina,Dudley,1989-08-18,M,599257388,Dudley@yahoo.org,Kenya,,
22,Alexis,Bixby,1985-05-07,M,403299171,Alexis@yahoo.org,British Antarctic Territory,,
23,Irene,Blouin,2013-11-29,M,407945751,Irene@gmail.org,Congo - Kinshasa,,
24,Pamala,Tootle,1986-10-02,F,704670508,Pamala@outlook.org,Comoros,,
25,Milagro,Carreira,2015-01-18,M,516435143,Milagro@outlook.com,Ghana,,
26,Marita,Willingham,1993-09-17,M,244931808,Willingham@gmail.org,Tajikistan,,
27,Earlene,Mcenaney,2011-09-05,F,146080355,Mcenaney@yahoo.com,Saint Kitts and Nevis,,
28,Evonne,Guerin,2004-12-04,M,181747526,Evonne@outlook.org,Tokelau,,
29,Gilma,Olivera,2012-03-12,M,809202147,Olivera@gmail.com,Benin,,
30,Janessa,Callis,1981-10-07,F,206295708,Callis@outlook.org,Myanmar [Burma],,
31,Yael,Noles,1994-02-01,F,872925093,Noles@gmail.com,Vietnam,,
32,Ozella,Maffucci,1982-01-02,M,134425909,Ozella@outlook.org,Panama Canal Zone,,
33,Doug,Scaglione,2020-06-09,F,355246149,Doug@yahoo.org,Slovakia,,
34,Lonna,Gower,2012-05-14,F,440778105,Gower@gmail.org,Palestinian Territories,,
35,Hiroko,Burruss,2000-07-31,F,706090614,Burruss@gmail.org,Bhutan,,
36,Christa,Alvarez,1993-04-02,F,177531308,Alvarez@gmail.com,Ukraine,,
37,Phillip,Muller,2001-05-29,F,791930370,Phillip@outlook.com,Cuba,,
38,Patrina,Witek,1983-08-06,F,239167420,Witek@yahoo.org,Australia,,
39,Willene,Mckeller,1990-11-16,M,293008965,Mckeller@outlook.org,Pakistan,,
40,Leanora,Pedroso,2003-07-31,M,339264695,Leanora@yahoo.com,Bouvet Island,,
41,Kenyetta,Grammer,1981-02-25,M,858307959,Kenyetta@outlook.com,Samoa,,
42,Cathern,Davenport,1999-03-19,F,240547278,Davenport@gmail.org,Kenya,,
43,Jaymie,Hudspeth,2014-11-27,F,628720810,Jaymie@gmail.org,Antigua and Barbuda,,
44,Vernia,Klutts,1996-12-30,F,753471481,Klutts@yahoo.org,Micronesia,,
45,Maddie,Bielecki,2017-01-16,F,886448636,Maddie@outlook.org,Zambia,,
46,Bulah,Anaya,2019-07-19,F,890992946,Anaya@outlook.org,Togo,,
47,Humberto,Joye,2013-11-24,F,966537276,Joye@yahoo.org,Tajikistan,,
48,Laurena,Wiesen,2020-04-03,F,886060665,Laurena@gmail.org,Eritrea,,
49,Kitty,Viers,1986-12-29,F,83822288,Viers@gmail.com,Mozambique,,
50,Rosario,Wilk,1982-12-28,M,196910468,Rosario@outlook.org,Saint Helena,,
51,Tyesha,Berra,1992-07-16,F,912946252,Tyesha@outlook.org,Barbados,,
52,Roy,Braman,1994-06-17,F,569398748,Roy@gmail.org,French Southern and Antarctic Territories,,
53,Verline,Dingler,2012-11-15,F,542298860,Dingler@gmail.org,Fiji,,
54,Stacey,Hazlewood,2015-01-11,M,975078798,Stacey@outlook.org,Kiribati,,
55,Lucile,Jellison,2007-11-12,F,20680305,Lucile@outlook.org,Liberia,,
56,Maria,Shupp,1996-10-30,F,995031168,Maria@gmail.org,Christmas Island,,
57,Fabian,Borjas,2017-03-31,M,850981135,Borjas@yahoo.org,Marshall Islands,,
58,Kimi,Rademacher,2018-04-20,M,299309577,Rademacher@yahoo.org,Turkey,,
59,Kathryne,Wain,2013-10-03,F,453159816,Wain@outlook.org,Malta,,
60,Krystin,Vanasse,2019-07-05,F,640582332,Krystin@gmail.org,Israel,,
61,Maryetta,Forsyth,1986-10-01,F,623692894,Maryetta@outlook.org,Mauritania,,
62,Leah,Wyman,1983-02-25,F,242323001,Leah@yahoo.org,Turkmenistan,,
63,Taisha,Osuna,2004-02-01,M,264547994,Taisha@yahoo.org,Metropolitan France,,
64,Magdalene,Dietrich,2015-05-03,M,767114306,Magdalene@outlook.com,Bahamas,,
65,Meg,Brickey,2007-12-02,F,466058064,Brickey@yahoo.org,Luxembourg,,
66,Bell,Kincer,2010-03-24,M,946134671,Bell@outlook.org,Bahrain,,
67,Madlyn,Sessions,2012-12-11,F,185899162,Madlyn@yahoo.org,Hungary,,
68,Amada,Luedtke,2012-06-20,F,351821903,Luedtke@outlook.com,Bolivia,,
69,Lashay,Liebsch,2015-12-13,M,972057004,Liebsch@outlook.org,Norfolk Island,,
70,Sunday,Pratte,1980-08-10,M,864067029,Sunday@yahoo.org,Côte d’Ivoire,,
71,Regina,Valdovinos,2006-12-10,M,329242266,Valdovinos@outlook.com,Guyana,,
72,Deloras,Richey,1990-12-17,F,747863000,Richey@outlook.com,United Arab Emirates,,
73,Rachel,Stillwell,2019-02-21,M,264894916,Rachel@yahoo.org,Canton and Enderbury Islands,,
74,Latonia,Almodovar,2005-06-04,M,925165913,Latonia@yahoo.org,Tuvalu,,
75,Diedra,Doetsch,1986-03-07,M,610264433,Diedra@outlook.org,Mali,,
76,Keeley,Croney,1990-09-08,F,159199096,Croney@outlook.org,Georgia,,
77,Elvie,Andrea,1990-07-15,F,229430738,Andrea@gmail.com,Bolivia,,
78,Margery,Karp,1989-09-01,M,971047198,Karp@yahoo.org,Nepal,,
79,Jesse,Villalobos,2006-02-14,F,630769990,Jesse@yahoo.org,Belgium,,
80,Donovan,Ung,1999-12-09,M,944476355,Ung@outlook.org,Singapore,,
81,Hilton,Bodin,1991-01-19,M,5588636,Bodin@outlook.org,United Arab Emirates,,
82,Dahlia,Loudin,2008-01-17,M,663893305,Dahlia@gmail.org,Bangladesh,,
83,Talisha,Driver,1993-03-13,F,873183789,Driver@yahoo.org,Niue,,
84,Ivette,Mccreight,1996-06-21,F,200026961,Ivette@yahoo.org,Saint Lucia,,
85,Adelia,Staten,1996-10-10,M,636801417,Staten@yahoo.org,Guadeloupe,,
86,Ermelinda,Corchado,1991-11-10,M,239757366,Ermelinda@yahoo.org,Kyrgyzstan,,
87,Maren,Plank,2012-09-23,M,265017927,Plank@yahoo.org,Saint Pierre and Miquelon,,
88,Aundrea,Martinelli,1983-12-08,M,647136131,Martinelli@outlook.org,Uzbekistan,,
89,Fredericka,Sergeant,2019-08-06,M,800309708,Fredericka@outlook.org,French Guiana,,
90,Curtis,Card,1997-10-02,M,45113406,Curtis@outlook.org,Costa Rica,,
91,Anissa,Luca,1986-08-02,M,522217202,Luca@outlook.org,Cyprus,,
92,Vernetta,Abernethy,1985-10-23,F,250255974,Abernethy@outlook.org,Guinea,,
93,Cara,Byfield,1998-10-13,M,423509752,Byfield@outlook.org,Barbados,,
94,Vena,Groesbeck,1997-04-30,F,415128469,Vena@gmail.org,Cyprus,,
95,Sterling,Ziolkowski,1988-02-11,F,628210629,Ziolkowski@outlook.org,Kiribati,,
96,Farah,Presutti,1995-01-15,F,368645154,Farah@outlook.org,Somalia,,
97,Jerica,Sletten,2013-09-30,M,950054181,Jerica@gmail.org,Japan,,
98,Maragaret,Lippincott,1989-10-23,M,474617024,Maragaret@yahoo.org,Guernsey,,
99,Blaine,Soper,2016-07-13,M,21872572,Soper@gmail.org,Hungary,,
100,Merrilee,Efird,2016-06-14,F,431353711,Efird@outlook.org,Malta,,
101,Tanja,Litherland,2013-02-10,M,888286516,Litherland@gmail.org,Myanmar [Burma],,
102,Fermina,Headley,1985-01-08,F,382275409,Headley@yahoo.org,Yemen,,
103,Marjory,Rosa,1985-09-24,F,262485013,Rosa@yahoo.org,Equatorial Guinea,,
104,Blythe,Shannon,2005-08-26,M,83238140,Shannon@gmail.org,Philippines,,
105,Elenore,Gagner,2004-05-13,M,362875253,Gagner@outlook.org,Vatican City,,
106,Patrina,Simoes,2013-01-11,F,278369868,Simoes@outlook.org,Myanmar [Burma],,
107,Eleonora,Greenman,1992-06-14,F,772631022,Greenman@outlook.org,Micronesia,,
108,Vita,Akins,2015-01-29,M,762524898,Vita@yahoo.org,Mexico,,
109,Jutta,Stout,2020-05-09,M,757558641,Stout@gmail.com,Serbia,,
110,Luanne,Kinard,1997-09-14,M,692255911,Luanne@gmail.com,Latvia,,
111,Demetrice,Swopes,1981-02-28,M,522235204,Swopes@outlook.org,South Korea,,
112,Ericka,Hanning,1992-02-14,F,775188557,Hanning@gmail.org,Hungary,,
113,Clora,Aron,2014-11-07,F,466709855,Aron@outlook.org,São Tomé and Príncipe,,
114,Livia,Holiman,2010-12-14,F,726375131,Holiman@yahoo.org,Unknown or Invalid Region,,
115,Lou,Dietz,2017-12-29,M,416426001,Dietz@outlook.org,Paraguay,,
116,Tyson,Kuchta,1988-04-30,F,380617545,Tyson@outlook.com,Israel,,
117,Carolynn,Biggerstaff,2018-06-26,F,278717504,Biggerstaff@outlook.org,Andorra,,
118,Sadye,Wilson,1985-11-28,M,828671752,Wilson@yahoo.com,Japan,,
119,Jenee,Cagle,1994-11-22,M,554015339,Cagle@gmail.org,Equatorial Guinea,,
120,Alesia,Walton,1992-04-03,F,450195917,Walton@yahoo.org,Indonesia,,
121,Lilliana,Swayze,1989-08-19,M,489456211,Lilliana@outlook.org,Unknown or Invalid Region,,
122,Jenell,Holsinger,1985-01-22,F,949711855,Jenell@outlook.org,Chile,,
123,Ok,Lima,2008-03-31,F,588794331,Lima@gmail.org,Saint Kitts and Nevis,,
124,Kimbra,Hunley,2011-03-17,M,965747258,Hunley@yahoo.org,Mali,,
125,Jammie,Ledonne,1985-10-17,F,226650054,Jammie@yahoo.com,Falkland Islands,,
126,Corie,Ryles,1993-10-17,F,220956010,Corie@yahoo.org,Gibraltar,,
127,Nina,Mclellan,2019-10-21,M,208869742,Mclellan@yahoo.org,Pacific Islands Trust Territory,,
128,Breana,Weckerly,1996-11-30,F,477262649,Weckerly@yahoo.org,Wake Island,,
129,May,Riojas,2016-01-17,M,156152324,Riojas@yahoo.org,American Samoa,,
130,Preston,Blaine,2007-10-10,F,990879271,Blaine@outlook.org,American Samoa,,
131,Sheryll,Towe,2000-03-19,F,432112480,Sheryll@gmail.org,Falkland Islands,,
132,Ardith,Barr,2018-05-31,F,198998804,Barr@outlook.org,Saint Barthélemy,,
133,Cornelius,Wyss,2011-05-02,M,160428713,Wyss@yahoo.org,Switzerland,,
134,Lavern,Liberty,1992-06-10,F,286434770,Lavern@yahoo.org,Chad,,
135,Antonette,Wongus,1991-12-02,F,664000231,Antonette@outlook.org,Niger,,
136,Armand,Mansur,2014-10-07,F,477241970,Armand@gmail.org,Malta,,
137,Melia,Jasso,2001-11-07,M,726032517,Melia@gmail.com,Lebanon,,
138,Anissa,Szewczyk,2017-09-21,M,637683644,Szewczyk@yahoo.org,Wake Island,,
139,Flavia,Mooneyham,1997-04-30,F,442772257,Flavia@outlook.org,Bolivia,,
140,Sanora,Foland,1990-08-30,F,754581502,Sanora@yahoo.org,Bosnia and Herzegovina,,
141,Florrie,Gans,2003-05-10,F,621430542,Gans@yahoo.com,Congo - Kinshasa,,
142,Fausto,Barish,2009-11-19,M,186012668,Barish@outlook.org,Maldives,,
143,Audry,Shiba,1995-04-12,F,629169295,Audry@gmail.com,Palau,,
144,Coy,Minich,1986-06-23,F,58844613,Coy@yahoo.org,Bangladesh,,
145,Debby,Grise,2016-07-18,F,928071061,Debby@yahoo.org,Falkland Islands,,
146,Christy,Balli,1988-07-23,F,988229456,Balli@yahoo.org,Pitcairn Islands,,
147,Mable,Plumlee,2012-07-04,F,871581203,Plumlee@yahoo.org,Paraguay,,
148,Heidi,Summerford,1987-07-03,M,14571274,Summerford@gmail.org,Iran,,
149,Delia,Champlin,1990-08-16,M,406868800,Delia@outlook.org,Bermuda,,
150,Sherell,Vera,1989-09-27,F,687377201,Vera@yahoo.org,Unknown or Invalid Region,,
151,Jeanetta,Slaubaugh,2010-02-03,F,956935560,Jeanetta@gmail.org,Greenland,,
152,Ruth,Deavers,2012-05-04,F,643451522,Deavers@yahoo.org,Bosnia and Herzegovina,,
153,Oneida,Clinard,2016-06-13,M,413894343,Clinard@yahoo.org,Kuwait,,
154,Dorothy,Marques,2009-07-24,F,167856457,Dorothy@yahoo.org,Solomon Islands,,
155,Neva,Plasencia,2014-02-02,M,724636093,Neva@yahoo.org,Italy,,
156,Catrina,Fyffe,2017-01-10,F,960414258,Fyffe@outlook.com,Bahamas,,
157,Donald,Cansler,1989-05-06,F,85781282,Cansler@outlook.com,People's Democratic Republic of Yemen,,
158,Florida,Berlin,1987-09-17,M,355689346,Florida@gmail.com,Netherlands Antilles,,
159,Joanie,Pagel,2004-10-18,F,804886459,Joanie@outlook.org,Central African Republic,,
160,Annabelle,Levi,1996-07-14,M,33718700,Levi@yahoo.org,Northern Mariana Islands,,
161,Gavin,Darland,2017-07-22,F,993012847,Gavin@outlook.com,Tuvalu,,
162,Genevieve,Gabriele,2000-04-17,F,675618236,Genevieve@yahoo.org,Laos,,
163,Kallie,Vreeland,1996-10-30,F,521061826,Kallie@outlook.com,British Virgin Islands,,
164,Dora,Replogle,1986-04-01,F,981275872,Dora@outlook.org,Namibia,,
165,Earl,Retherford,1989-08-17,F,963937708,Earl@yahoo.org,Cape Verde,,
166,Nila,Petrucci,1987-01-16,F,408347761,Petrucci@outlook.org,Guam,,
167,Cassi,Hendrie,1991-08-23,M,494952370,Hendrie@yahoo.com,Vanuatu,,
168,Virgina,Hamlett,1984-05-30,F,76736386,Hamlett@yahoo.org,New Zealand,,
169,Granville,Lettinga,1985-08-04,F,79967781,Granville@yahoo.org,Guyana,,
170,Regan,Oathout,2003-02-06,M,397723259,Regan@yahoo.org,Germany,,
171,Glendora,Maheux,2013-06-21,F,43083700,Maheux@yahoo.org,Ghana,,
172,Gertrude,Russell,2005-09-04,M,93077066,Russell@yahoo.com,Albania,,
173,Trudi,Reno,1993-02-10,F,258097790,Reno@gmail.org,Norway,,
174,Christiana,Henrickson,1988-11-18,M,144149066,Henrickson@yahoo.org,Guyana,,
175,Lessie,Knoblock,2003-09-07,F,236971107,Lessie@yahoo.org,Botswana,,
176,Selene,Kaufman,1985-09-09,M,337023216,Selene@yahoo.org,Somalia,,
177,Maxima,Prock,1991-07-23,M,346761288,Maxima@yahoo.org,Albania,,
178,Dorethea,Spates,2011-12-29,M,369785129,Dorethea@yahoo.org,Guadeloupe,,
179,Chelsea,Speir,2015-12-28,F,679527731,Speir@gmail.com,Liechtenstein,,
180,Irma,Bosworth,2006-07-08,M,297160818,Irma@gmail.org,São Tomé and Príncipe,,
181,Guy,Hassen,2014-01-08,F,331377440,Guy@outlook.org,Germany,,
182,Amelia,Eager,2019-12-04,M,375557468,Eager@outlook.com,Costa Rica,,
183,Annamae,Penhollow,1991-12-31,F,461984716,Penhollow@gmail.org,Lebanon,,
184,Jayne,Pooler,1985-09-21,M,926902284,Pooler@outlook.org,Kuwait,,
185,Jennette,Secrest,1996-10-24,M,243277707,Secrest@yahoo.org,Serbia,,
186,Lesa,Herwig,1986-09-06,F,747738761,Herwig@outlook.org,North Vietnam,,
187,Tu,Denise,1998-10-14,F,378833618,Denise@yahoo.com,Kazakhstan,,
188,Arlyne,Zabel,2004-01-01,F,215089992,Arlyne@outlook.org,Cambodia,,
189,Tamesha,Lavoie,1984-02-22,M,89455057,Lavoie@yahoo.org,Comoros,,
190,Dominic,Lunceford,1988-11-01,M,554978378,Dominic@gmail.org,Belgium,,
191,Reggie,Kamp,1981-06-30,M,330263947,Reggie@yahoo.org,United Kingdom,,
192,Victorina,Okafor,2018-08-13,M,971037918,Okafor@gmail.org,Haiti,,
193,Rosendo,Fussell,2005-04-28,F,266211570,Fussell@yahoo.com,Pakistan,,
194,Lakiesha,Shore,1992-03-02,M,450130042,Shore@yahoo.org,Saint Vincent and the Grenadines,,
195,Loise,Norsworthy,1998-10-20,M,395330278,Loise@outlook.org,Heard Island and McDonald Islands,,
196,Sharita,Loffredo,1981-01-08,M,475708473,Loffredo@outlook.org,Papua New Guinea,,
197,Nilda,Edney,1986-06-24,M,158046049,Edney@yahoo.org,United Kingdom,,
198,Jan,Vavra,2005-04-30,M,11535253,Vavra@yahoo.org,Fiji,,
199,Mica,Ceaser,1985-03-20,F,932334869,Ceaser@gmail.org,French Polynesia,,
200,Clarine,Huse,2015-12-18,F,949063446,Clarine@gmail.org,Palestinian Territories,,
